{"labels": [3, 4, 6, 4, 0, 3, 6, 6, 2, 0, 2, 0, 6, 7, 2, 1, 6, 7, 2, 3, 1, 0, 6, 5, 5, 1, 6, 3, 2, 5, 1, 3, 2, 0, 1, 6, 7, 7, 3, 3, 1, 1, 6, 1, 5, 3, 1, 7, 3, 1, 2, 3, 6, 0, 2, 5, 6, 6, 1, 6, 4, 1, 5, 3, 2, 3, 1, 6, 2, 1, 3, 3, 6, 5, 6, 6, 0, 5, 5, 2, 6, 1, 6, 6, 1, 1, 1, 1, 2, 6, 2, 1, 0, 6, 0, 1, 3, 2, 2, 0, 2, 3, 5, 3, 3, 6, 1, 5, 5, 1, 1, 2, 0, 6, 6, 2, 5, 4, 6, 3, 6, 6, 6, 2, 4, 1, 1, 0, 3, 6, 6, 7, 2, 6, 1, 1, 3, 3, 1, 6, 3, 2, 3, 5, 3, 3, 4, 4, 6, 1, 0, 5, 1, 3, 1, 3, 3, 1, 3, 3, 7, 5, 3, 1, 1, 3, 0, 6, 1, 0, 0, 2, 5, 5, 0, 0, 6, 4, 1, 6, 6, 4, 4, 7, 1, 3, 7, 3, 0, 1, 2, 7, 1, 4, 2, 3, 7, 1, 2, 2, 6, 5, 3, 3, 4, 1, 2, 2, 1, 4, 6, 1, 6, 2, 2, 2, 2, 7, 4, 0, 2, 6, 0, 6, 2, 2, 0, 3, 4, 1, 0, 3, 2, 5, 6, 2, 2, 7, 6, 2, 3, 0, 4, 3, 3, 6, 5, 3, 3, 1, 1, 3, 4, 3, 2, 4, 6, 1, 5, 2, 6, 5, 6, 3, 6, 2, 1, 0, 6, 7, 6, 3, 1, 1, 4, 6, 3, 2, 3, 3, 0, 4, 6, 0, 2, 7, 5, 1, 0, 6, 5, 3, 0, 3, 6, 0, 3, 2, 2, 3, 3, 3, 6, 3, 6, 4, 2, 2, 6, 4, 1, 1, 0, 6, 0, 2, 6, 5, 5, 0, 1], "silhouette_avg": 0.5631513650969397, "silhouette_values": [0.38364406760118114, 0.8051854263705192, 0.5563706146044239, 0.806598007698937, 0.5841721980642071, 0.76123315809678, 0.42647778177816953, 0.17054747436189302, 0.7530586106158794, 0.9167770677745217, 0.7202214563586432, 0.8271476456058828, 0.4901878790142288, 0.5123940682749717, 0.7580122398832193, 0.493186531328283, 0.556240394060857, 0.2541567901247322, 0.6777176180304644, 0.6748682538564258, 0.4406145504987621, 0.8993305466484887, 0.5899203447908911, 0.6086977071312287, 0.44535562191053696, 0.42335746584501516, 0.516244818034098, 0.58624563019268, 0.7591240820410337, 0.008415345129823438, 0.5902970490896552, 0.17510818083070553, 0.6826208779284987, 0.9007943442210036, 0.5973368048651461, 0.5041029240233162, 0.5979917084291818, 0.6281419311344737, 0.7459692612379648, 0.7746774209613545, 0.5319193005257683, 0.49125673840298517, -0.009282163366172798, 0.2009766862088991, 0.664402335528037, 0.7600057414771191, 0.36601803143098677, 0.598305833977998, 0.5510435260508872, 0.5274275585906075, 0.7446835076491854, 0.6270234582451015, 0.5303542641623332, 0.9183092370371082, 0.7406938005144392, 0.11145979959345503, 0.5031985746056478, 0.519360353506768, 0.43844173608570797, 0.2164316796837531, 0.2747477216271781, 0.10095389673109001, 0.4248178582828551, 0.743350810069244, 0.7838094552833557, 0.3918687734031557, 0.4723443826084896, 0.2147805881089636, 0.7592213660283004, 0.2336215507076093, 0.753560704073469, 0.6085058874979831, 0.12029027246332488, 0.5637690590307005, 0.5290400032242555, 0.621038443883922, 0.9170975543329852, 0.6199304297427255, 0.5658531565123981, 0.6908753054193548, 0.3853840703866172, 0.4514283524415051, 0.6015645635495809, 0.05616005330692263, 0.10773100440973933, 0.2823387756706918, 0.09392624384785114, 0.4308958205470275, 0.7815467931773056, 0.6017948858811819, 0.7765209655408667, 0.34166441528332986, 0.9224935816977826, 0.10796417211961531, 0.9237075945476951, 0.2688834805333064, 0.7541050119035241, 0.7312091870594603, 0.452050035274932, 0.9169982729786089, 0.6902635810675939, 0.541470643997913, 0.33623814639674493, 0.7371790585526697, 0.5545791142487052, 0.5595177557350055, 0.29125264614409546, 0.6049384584271247, 0.30654238751885327, 0.4327942876205218, 0.22014328957907248, 0.756462249906238, 0.9212638007524248, 0.5306982663770964, 0.42183284577387087, 0.71061102786115, 0.6136043480339767, 0.772386158103622, 0.6006475084393438, 0.5013618429830349, 0.5978323784641182, 0.39220141595858105, 0.11840331273700531, 0.7617644770617309, 0.8070476973071414, 0.47179070197028106, 0.4968279018804703, 0.9201075995203107, 0.6051007268313483, 0.48303406847966074, 0.3887946128036574, 0.5345781724861793, 0.7783517116308707, 0.596549515839492, 0.5247974573476777, 0.47770802569950244, 0.5557521851645852, 0.7454160414853187, 0.3053728804498903, 0.4271599292511914, 0.7348720560216634, 0.7016937809800917, 0.7414658541072192, -0.05833041207897741, 0.7538602225114643, 0.7513243115074174, 0.770034033808105, 0.2028338191953725, 0.621070015394915, 0.4916673800998955, 0.9213334346791234, 0.10933321902444289, 0.3091823597497309, 0.6150117337109303, 0.46376792975289954, 0.3092488119937199, 0.6362938637230424, 0.4727407692751468, 0.7591031359012425, 0.6946171673399791, 0.640098678039603, -0.06532810259662035, 0.7680045162028486, 0.4523065692779217, 0.4704863649396995, 0.7740370808371628, 0.9190949271794587, 0.12152558084192053, 0.4933239958096425, 0.9198956554111566, 0.9173043162708566, 0.7807085804409024, 0.4377409318307312, 0.43083010125146365, 0.9220957367186331, 0.9213577852514655, 0.2654008972662818, 0.7700997792476624, 0.38421088045010077, 0.5154894962569891, 0.6209756142116042, 0.805625462939634, 0.7684905170339709, 0.5534613118144316, 0.4691396667635873, 0.6180285622916872, 0.2688976976438548, 0.09720449690956251, 0.9044812024848576, 0.4710325172676059, 0.744555446093142, 0.6281764578261432, 0.426337905782536, 0.8058540754777757, 0.5697481516797743, 0.6561348480115423, 0.2570758013904627, 0.41396753949662113, 0.767838170174949, 0.68797898646423, 0.6293019887478943, 0.5739487057622967, 0.7187962844378519, 0.7432885290340662, 0.8056306295342183, 0.06221854532333456, 0.7837960582177391, 0.6660886127256382, 0.5884503379825283, 0.5890619797789186, 0.31691937262520126, 0.4968202218576552, 0.07889561701810786, 0.7312009249606264, 0.7677429539084832, 0.7798445866682787, 0.7554928631347794, 0.5978881879947986, 0.7724267843601863, 0.7288313222709146, 0.7534493593802135, 0.4764926152284202, 0.5491173115296939, 0.15254047009424243, 0.6780024368847017, 0.5151393120814829, 0.8625613877706838, 0.6668310950394774, 0.8088104958851461, 0.41665384397140137, 0.9223478713366775, 0.7568989673880244, 0.14626337897622238, 0.44364906554542943, 0.5448175577586168, 0.7105167347113878, 0.7618606810058358, 0.2832201254203503, 0.5984080592119821, 0.6264984931854152, 0.5059538492666886, 0.9179713388202995, 0.8109291343357142, 0.31243192635769185, 0.6540140863508265, 0.5832704364812353, 0.31118321088807016, 0.5697382022836492, 0.614381954629076, 0.15218882364117098, 0.38198095493071216, 0.7598059957718388, 0.4278479758634021, 0.7641575214391728, 0.7502834453927719, 0.762942133214341, 0.6307659843668214, 0.41866053042006457, 0.6441744386141727, 0.752999556265101, 0.6293940804442933, 0.25001778021314414, 0.46104334321128926, 0.5559413956265573, 0.5042228184568441, 0.7580862679956906, 0.3752942699356388, 0.9223083353976292, 0.36270454281400955, 0.5209244521794543, 0.3887366890682532, 0.7613385812583716, 0.09622025666294066, 0.38897786298975945, 0.2658852128076077, 0.5464495795945468, 0.3656655759768042, 0.7097857249541922, 0.6374761217213671, 0.6392941251974099, 0.9177755168891306, 0.4984705037455525, 0.1563150829462063, 0.9183267974817491, 0.581280701324848, 0.5167775886109606, 0.5715918231111561, 0.21684581075238027, 0.7362600629110564, 0.15190181554361804, 0.6568082477569094, 0.6454228130074258, 0.9212908116436588, 0.7041629354282974, 0.3631447051579443, 0.8754375665334636, 0.5468792186821566, 0.7099711099619023, 0.7637464547221355, 0.5969375897169339, 0.7614130291903521, 0.760941171298431, 0.3352465422501772, 0.37378175998960544, 0.33188892021380956, 0.8057084793780817, 0.5151928463152257, 0.7498479765380484, 0.5163764472843552, 0.8066130370131095, 0.3664871041957832, 0.49307793751506984, 0.4677402503498701, 0.5937228959641234, 0.9167880268834115, 0.7330521427590411, 0.5320885186069227, 0.6049238179808394, 0.5182027584541169, 0.9185336633389405, 0.41483311326440053]}