{"labels": [3, 8, 4, 8, 2, 3, 4, 1, 0, 2, 0, 2, 4, 7, 9, 1, 4, 6, 9, 3, 1, 2, 4, 5, 5, 1, 4, 3, 0, 5, 10, 5, 9, 2, 10, 4, 7, 7, 3, 3, 1, 10, 1, 1, 5, 3, 1, 7, 3, 1, 0, 3, 4, 2, 0, 5, 4, 4, 1, 1, 8, 10, 5, 3, 0, 3, 1, 1, 0, 1, 3, 3, 6, 5, 4, 4, 2, 5, 5, 9, 4, 1, 4, 1, 10, 10, 6, 10, 0, 4, 0, 1, 2, 6, 2, 1, 3, 0, 0, 2, 9, 3, 5, 3, 3, 4, 10, 5, 0, 10, 1, 9, 2, 4, 4, 9, 5, 8, 4, 3, 4, 4, 6, 0, 8, 1, 10, 2, 3, 4, 4, 7, 9, 4, 1, 1, 3, 3, 10, 4, 3, 9, 3, 5, 3, 3, 8, 8, 4, 10, 2, 5, 10, 3, 1, 3, 3, 10, 3, 3, 7, 5, 3, 1, 1, 3, 2, 6, 10, 2, 2, 9, 5, 5, 2, 2, 1, 8, 1, 4, 4, 8, 8, 7, 1, 3, 7, 3, 2, 1, 0, 7, 1, 8, 0, 3, 7, 1, 9, 9, 4, 5, 3, 3, 8, 1, 0, 9, 10, 8, 4, 10, 6, 0, 9, 0, 0, 7, 8, 2, 0, 4, 2, 1, 9, 0, 2, 3, 8, 10, 2, 3, 0, 5, 4, 9, 0, 6, 4, 0, 3, 2, 8, 3, 3, 4, 5, 3, 3, 1, 1, 3, 8, 3, 0, 8, 4, 10, 5, 0, 4, 0, 4, 3, 4, 9, 1, 2, 4, 7, 4, 3, 6, 1, 8, 4, 3, 0, 3, 3, 2, 8, 1, 2, 0, 7, 5, 1, 2, 1, 5, 3, 2, 3, 4, 2, 3, 0, 9, 3, 3, 3, 4, 3, 4, 8, 0, 0, 4, 8, 10, 10, 2, 4, 2, 9, 4, 5, 5, 2, 10], "silhouette_avg": 0.570695478471775, "silhouette_values": [0.4648940662228194, 0.7993909750110558, 0.49790475708023596, 0.8006806008614298, 0.5264166562293745, 0.6492510445112442, 0.2669095042981239, 0.3056216232199563, 0.6490827024878019, 0.9079470748051524, 0.7249709064598271, 0.802548376273687, 0.6257836083604935, 0.4564265060120566, 0.6415975851501156, 0.3285010557133037, 0.6376103786433474, 0.11709004582130189, 0.7330988920260314, 0.6664461349038331, 0.6557829810836439, 0.887742298621018, 0.5629048197546616, 0.6426550861047128, 0.24641922255794765, 0.5205799452197168, 0.6534186060595797, 0.5455133649472031, 0.6295606252029132, 0.09108559896260925, 0.24653505246172355, -0.04428052763862553, 0.744287993686313, 0.8894440028025299, 0.2381040285382729, 0.3275988583953324, 0.7393685727797815, 0.7508494714149215, 0.6580492347367642, 0.687674581093396, 0.46999570216823267, 0.6998436403901988, 0.4368388183596107, 0.5194459212074137, 0.6222107050484043, 0.6475985973004558, 0.571582103286571, 0.7395053768091849, 0.4183684436632123, 0.4988760891854474, 0.7103684273036688, 0.3659892279167518, 0.41960979197330023, 0.9096573702084303, 0.7208190521420839, 0.11913096621371885, 0.6347205863051619, 0.4034359553841116, 0.629359047638032, 0.14643723159446498, 0.17897840472525486, 0.7308189624022318, 0.5794049832967151, 0.6964473241991379, 0.39069130408274705, 0.3508382683914576, 0.2768106114755141, 0.14870721395876343, 0.6289402904646076, 0.6792967973681637, 0.6673412254360547, 0.24837052439446464, 0.5789666613973529, 0.5289341349842386, 0.4196076453804464, 0.6401197276455605, 0.9082842325387448, 0.6532072903977771, 0.47562639065582896, 0.757426564446622, 0.20734268554839427, 0.6451873596438581, 0.6056723840492498, 0.4041226798058505, 0.5737169925142673, 0.7691330103233331, 0.4850962880320097, 0.6676360054501608, 0.24566768420203797, 0.5829842649468538, 0.5514523006507943, 0.5218693000760214, 0.9144689763247869, 0.6046647476996733, 0.9152654043330712, 0.657677579880833, 0.6935404871855813, 0.7248634060299449, 0.6285034091704912, 0.9080190164406444, 0.7569601569362571, 0.42280013702830294, 0.4038135595448966, 0.6543063855723431, 0.4644824808337946, 0.6276483149271789, 0.7630463440480485, 0.6383460339080915, 0.15697933732739555, 0.7038163873657237, 0.5838842311317768, 0.6467262603218705, 0.9129925908411103, 0.3875745001245236, 0.21226342389835975, 0.7606629964601219, 0.5874997215245829, 0.7594551626304039, 0.6388285395885311, 0.3937268626928629, 0.595970004319868, 0.5331344155122537, 0.5856823803843393, 0.6709296618142646, 0.8016700301571636, 0.5307127916463394, 0.6375323532816696, 0.9117531152782339, 0.34005123078129573, 0.6234763456593944, 0.21522499978887122, 0.6878676574961455, 0.11378980765812002, 0.5947480416029357, 0.4629765578385698, 0.5476100946048092, 0.2877727174347771, 0.6674284219676923, 0.6825662702152222, 0.1578320657052769, 0.6534893035538449, 0.7624834713543276, 0.6740062658047993, 0.23955195272590682, 0.6856041634616873, 0.6510960884734974, 0.7647771384370515, 0.0769689461788408, 0.6155010616056874, 0.628158319166507, 0.9129668621900189, 0.11481651171927286, 0.6475352097402272, 0.5835493640891298, 0.6260774589242613, 0.25825006548534013, 0.3763755054253628, 0.6233521722153226, 0.6755960396433405, 0.6665677468673079, 0.7396857472307569, 0.2440182439829045, 0.690463936665384, 0.5727097372994612, 0.5801295465542325, 0.6831877510464175, 0.9105673754918336, 0.5629462170502381, 0.7102669147751263, 0.911351372737697, 0.9083364236383707, 0.11251135427914576, 0.5908585887299395, 0.5841066641005249, 0.9142928548117838, 0.913080486559998, 0.2723617418463104, 0.7648424845233703, 0.42879446489796247, 0.6535556694046842, 0.6401494844322662, 0.7999109688904764, 0.7547516812911396, 0.7121574589723437, 0.6001462791562228, 0.25035486028623, 0.4611700003301315, 0.0895613890984471, 0.8939333349098574, 0.29570480797215004, 0.7105699694398842, 0.7507971322216945, 0.609069661244369, 0.8001415128297468, 0.6233613010753046, 0.6431918835511891, 0.19756520737165734, 0.6533107854175764, 0.4893612103225311, 0.7540368870830231, 0.6281494039156299, 0.634109383526862, 0.613047432407174, 0.7009655686005023, 0.7999161018071008, 0.5155316191691738, 0.39072553910855246, 0.7035851425267513, 0.4018266005312307, 0.5519658429411969, 0.44005161560395173, 0.6371152639498754, 0.5263023399385215, 0.7249376791574278, 0.49119925020526084, 0.3368744962413585, 0.654888389296122, 0.7393041873785774, 0.7595032902788583, 0.6941009519938972, 0.310117690291101, 0.6240375925857996, 0.46683429001886245, 0.3156775119523451, 0.7355507037175889, 0.6501238850788164, 0.8453902967136144, 0.5780098125854425, 0.8027090630432144, 0.6936367444443107, 0.9142944779684107, 0.7035569234697099, 0.45298554938849006, 0.49785198594919117, 0.6740549528974094, 0.760757619295647, 0.6710934081129212, -0.008369319430337616, 0.5787687360734101, 0.6917924859904067, 0.1725996648653707, 0.909121360016445, 0.8046850984063888, 0.18982612897586226, 0.2246120806542261, 0.5460809580903722, 0.24048863590297223, 0.49648623656793717, 0.3168663161352072, 0.5866602966634304, 0.5623775616279468, 0.6853983532882004, 0.3567825155584938, 0.6887125915040215, 0.710191582038587, 0.7496849360686654, 0.6316465147078638, 0.7560479290557429, 0.5939122086312681, 0.6489204399019203, 0.6282746465968295, 0.1753141289951254, 0.5980439191159859, 0.3242593953205118, 0.3278778913414657, 0.6323014938285876, 0.5426544285041492, 0.9140975526126414, 0.5162157208493151, 0.5217859191216042, 0.5420534073251801, 0.646394594650491, 0.47188356190856473, 0.5852121918517286, 0.16425719217683782, 0.6726128127584041, 0.3211907296080875, 0.7215508902805831, 0.45541647589636075, 0.27019235773150607, 0.9124370736940579, 0.44578023921231474, 0.2028858383558523, 0.9096838963001648, 0.6567524152856039, 0.6793458517621935, 0.44217114874197705, 0.5994892230768534, 0.6972469016323682, 0.3156784768781446, 0.6246621180041949, 0.6251388690882957, 0.9130218846213001, 0.6923065928767923, 0.13820980532555027, 0.8602947159123291, 0.3131413188004198, 0.7224260456217309, 0.574944058894801, 0.5611257887729354, 0.6469863932140567, 0.6453352605879722, 0.4802228552223832, 0.16480275317640244, 0.47514169596368117, 0.799990510866825, 0.6501453052625598, 0.7099302952192501, 0.361062954211287, 0.800719201891138, 0.746224002114623, 0.7090996476636106, 0.3639566889085714, 0.5799690213298392, 0.9079601067778343, 0.7291284173299375, 0.4196065951332328, 0.6296488343849252, 0.37419115012281357, 0.9099436222265775, 0.7532344537539953]}