{"labels": [8, 3, 4, 4, 8, 1, 8, 0, 5, 5, 9, 4, 4, 3, 9, 9, 3, 4, 5, 6, 2, 5, 3, 9, 6, 8, 2, 8, 5, 9, 4, 6, 2, 3, 5, 4, 4, 8, 4, 8, 8, 7, 2, 5, 8, 9, 3, 1, 7, 7, 3, 0, 2, 8, 6, 2, 6, 2, 3, 3, 2, 4, 4, 5, 0, 5, 1, 4, 6, 8, 9, 5, 1, 7, 5, 2, 9, 9, 4, 9, 5, 5, 8, 1, 3, 3, 1, 4, 7, 7, 8, 8, 5, 0, 3, 5, 3, 4, 0, 1, 3, 2, 2, 4, 2, 8, 9, 1, 1, 9, 5, 5, 3, 4, 1, 2, 0, 7, 3, 3, 2, 2, 8, 4, 4, 4, 9, 5, 2, 1, 6, 2, 3, 9, 5, 2, 1, 2, 0, 2, 1, 7, 3, 0, 6, 9, 3, 4, 2, 5, 4, 3, 1, 3, 8, 8, 4, 8, 6, 5, 6, 0, 4, 1, 4, 4, 5, 4, 2, 2, 2, 7, 2, 5, 3, 7, 9, 8, 7, 4, 1, 0, 8, 7, 2, 4, 3, 4, 8, 5, 4, 8, 5, 2, 5, 2, 9, 4, 9, 8, 8, 2, 4, 5, 1, 3, 2, 2, 7, 0, 7, 4, 1, 6, 3, 5, 9, 1, 1, 2, 6, 5, 3, 4, 0, 3, 8, 6, 4, 1, 4, 6, 2, 9, 2, 4, 6, 0, 0, 1, 8, 9, 2, 4, 5, 8, 1, 0, 3, 0, 9, 5, 2, 9, 9, 2, 4, 1, 3, 8, 8, 4, 2, 7, 0, 3, 8, 3, 5, 5, 7, 3, 2, 6, 8, 4, 9, 3, 8, 0, 4, 3, 0, 9, 9, 2, 9, 3, 5, 1, 4, 0, 3, 3, 0, 8, 9, 2, 9, 4, 0, 4, 6, 0, 2, 4, 9, 6, 2, 3, 5, 8, 4, 5, 4, 2, 9, 0, 3, 6, 9, 6, 4, 6, 2, 9, 8, 1, 5, 1, 0, 2, 4, 0, 0, 2, 6, 8, 4, 0, 4, 6, 6, 1, 2, 8, 2, 0, 1, 4, 3, 0, 3, 4, 1, 3, 4, 9, 6, 0, 8, 9, 9, 4, 0, 1, 3, 3, 1, 4, 7, 4, 5, 2, 3, 6, 7, 1, 8, 7, 5, 5, 3, 2, 3, 4, 3, 2, 0, 3, 1, 9, 5, 3, 2, 9, 5, 8, 1, 4, 0, 9, 4, 1, 7, 2, 5, 3, 9, 1, 9, 2, 8, 1, 0, 8, 4, 3, 9, 2, 4, 6, 4, 2, 6, 4, 0, 0, 4, 6, 3, 3, 9, 4, 3, 3, 4, 5, 0, 8, 6, 3, 2, 8, 0, 1, 3, 8, 4, 3, 9, 5, 2, 9, 2, 5, 1, 1, 0, 7, 3, 2, 1, 2, 8, 4, 7, 2, 7, 0, 5, 3, 5, 5, 8, 9, 9], "silhouette_avg": 0.4249765648731957, "silhouette_values": [0.53651722205442, 0.5774558487680232, 0.5041211505646019, 0.5525387338034612, 0.4873841251413819, 0.2873874333983161, 0.4356830340547038, 0.14800277485820681, 0.6741287181286549, 0.6664351242429017, 0.1827690902372685, 0.3224913499553856, 0.5301411187385809, 0.46521855397091, 0.4530383367683037, 0.21009169236402564, 0.5949125230577016, 0.4626713467701196, 0.22973707887613593, 0.317643896649663, 0.5574674392363849, 0.6363009348551298, 0.030242276564064256, 0.43826661145333085, 0.23461117231361653, 0.3049277235186139, 0.5966358067493245, 0.6211499215250885, 0.5599937709075713, 0.5633264624190675, 0.4582519626772221, 0.10026637959847538, 0.03784495371509553, 0.34539364732801164, 0.6835366263310831, 0.29115053880595254, 0.3829702381784545, 0.5001822304312075, 0.5552145183659435, 0.5532047756683234, 0.6125919853236557, 0.6728982992690564, 0.5597398676515157, 0.3330760913197696, 0.29910684762486794, 0.1347325249639157, 0.16502355502514854, 0.47236812833265807, 0.22505882684625592, 0.6239167889146668, 0.0017218208885664166, 0.47763343406794456, 0.6830668273203195, 0.3714863122227358, 0.4240391794423774, 0.2837629975468444, 0.3882590003512745, 0.6109439143167438, 0.5390937989934319, 0.5020926816416907, 0.6523029408921324, 0.5893680715484482, 0.517566680207344, 0.534194834642618, 0.1339333246528028, 0.1869789714960856, 0.4104158409804117, -0.0128373102808322, 0.5885732111932803, 0.5626109393049786, 0.4137536097892255, 0.26814100082738085, 0.45089039195043384, 0.5953822630953262, 0.5029609578081287, 0.6945939698612283, 0.3252406734907405, 0.5556481005147768, 0.6072206653277018, 0.2446816029174386, 0.28818691004481783, 0.6720474383666829, 0.6303143824250109, 0.41481596298748075, 0.20261971924919756, 0.33587637512719765, 0.40884949081060223, 0.5740224496539563, 0.693673389820586, 0.20427483126659726, 0.5549861131875815, 0.20191118426899388, 0.22861017874456038, 0.48534368722012317, 0.5349199438042617, 0.17799389830254825, 0.5227670762707387, 0.4275630937006036, 0.5451189592862684, 0.5101068446448596, 0.48141417292274286, 0.6763611926750326, 0.686784522747461, 0.14616174661994924, 0.32243479115702234, 0.1002624800512732, 0.5403726637243585, -0.0045532021291917815, 0.3543191282008638, 0.31349025966961663, 0.6681396672380949, 0.6672149812272675, 0.5270589935242332, 0.5934279157950567, 0.17910582619511664, 0.665978855261435, 0.5498299674793754, 0.49780915230169237, 0.3942531414696743, 0.5521638341226727, 0.6676489887875117, 0.6841482055767687, 0.3284708616102077, 0.2255190789397405, 0.47048352671252974, 0.38829431727626634, 0.5463513285610663, 0.536921062205513, 0.6642290987701766, 0.1328129835753793, 0.6016187531409163, 0.6184499104549326, 0.53709891192177, 0.42418906104139187, 0.1777877822042312, 0.6943595907996405, 0.07300811695853465, 0.6578698796275543, 0.4890138398252183, 0.5363367498625831, 0.353160413939008, 0.6348419563297956, 0.1802740309543261, 0.37496726851908724, 0.3797062643858186, 0.26940225594661876, 0.5487906459604472, 0.4315288694301269, 0.6464990172030898, 0.6908698199186003, 0.2386176231828995, 0.30606574850176443, 0.028906355789116833, 0.539182391610245, 0.35851670772809746, 0.3326122278236584, 0.49663203043716936, 0.13321604591049982, 0.5219658289441111, 0.6903916571982494, 0.3192692045594597, 0.36767001887436035, 0.31733436994093883, 0.5187810142541064, 0.5568070584649811, 0.5464810539522461, 0.3406324055197116, 0.24428866986060752, 0.6743007989239698, 0.5612987069866817, 0.6780761085227721, 0.5776980191491093, 0.6248853317148725, 0.6745568351611981, 0.46297176207943985, 0.5832836163911547, 0.5417762718754073, 0.6090155861603803, 0.6580007177184233, 0.26211207907073136, 0.2405151556422948, 0.33229387419747675, 0.39188545008859577, 0.2026068609788925, 0.6599787366970781, 0.5150077607000826, 0.5613152956011823, 0.15146945993061176, 0.5852989574528472, 0.6482325561587385, 0.10918585012335044, 0.27692245484667105, 0.49403549786183804, 0.5166478596005273, 0.4902327988577256, 0.6868727574692003, 0.4159602425100811, 0.47660837828433983, 0.5743180243688457, 0.3958387905447015, 0.18497270645161878, 0.5205963306185409, 0.1586019923015038, 0.6952289821158057, 0.5201271299300944, 0.598436777850552, 0.3643928635902113, 0.6083883133351574, 0.6171933030351415, 0.21577675157660722, 0.6777990754296659, 0.30995625893795314, 0.38124796781851245, 0.3334137483487983, 0.04075195415897898, 0.6576947170848314, 0.04215693756180817, 0.46030540149215127, 0.1250703689857784, 0.6304930471135847, 0.535698974107804, 0.709129278812359, 0.5798090775658015, 0.16501930752966903, 0.34473836735141555, 0.43539706190785743, 0.5623277164779699, 0.5751520896535903, 0.04456769485757566, 0.47306284806217913, 0.24922746100521356, 0.528341410162181, 0.6131418148210368, 0.5197638942682429, 0.18187194540083285, 0.5156310490583005, 0.2858913651521119, 0.5232493432735886, 0.37669618498301954, 0.375692745152691, 0.6082013292873083, 0.4738443261826127, 0.019324494633186265, 0.5861793943211964, 0.6856367441000032, 0.6233143972522502, 0.12081495418917865, 0.4289303987606273, 0.05867963707565934, 0.19065877982447463, 0.4931072406712402, 0.5009623298795138, 0.6041652767649186, 0.4503325148571617, 0.5801638215405874, 0.6628026652445248, 0.12156784239230137, 0.47823238061347845, 0.4761488127788137, 0.16808733898580777, 0.25426807232906934, 0.5195761108562377, 0.6889052933686469, 0.44698223067811566, 0.4254399524124813, 0.0739900131723146, 0.13639258007940366, 0.15109122368433875, 0.6370810313545331, 0.5792872856079042, 0.3838535782982996, 0.4161799564642982, 0.4228450558563396, 0.5797324839947777, 0.19364797203156275, 0.2558836391320848, 0.0768707446093827, 0.2995590612266432, 0.5568445622658219, 0.48546434337945676, 0.2502455105488981, 0.5848314676727975, 0.4245500480246392, 0.06886810443319091, 0.2803730660547971, 0.5003785575231798, 0.18731406602362924, 0.3958297530120161, 0.22116114110801954, 0.28125142272653647, 0.3059542808772459, -0.04017889446420707, 0.6002304925183901, 0.5485013262590788, 0.33450091988367714, 0.5124356211856763, 0.5527276719432866, 0.6513535401717155, 0.3789650033062838, 0.4882875050397493, 0.30182937389797226, 0.4292518244271202, 0.5778484171660409, 0.005422333782604328, 0.4832553303496232, 0.30746363982021224, 0.4752998041266632, 0.10255273891623204, 0.6922233825887147, 0.5981604482404431, 0.5009530062496004, 0.5892432969260897, 0.5945728170826196, 0.6179994701203022, 0.46419970175990954, 0.6334710785566391, 0.5745189091619177, 0.3083377574252184, 0.5612782456310407, 0.5236665463418877, 