{"labels": [7, 3, 0, 3, 4, 1, 4, 3, 3, 0, 0, 7, 3, 4, 0, 5, 8, 3, 7, 4, 7, 3, 3, 4, 1, 1, 5, 3, 4, 3, 1, 7, 7, 3, 3, 3, 0, 5, 5, 7, 2, 4, 7, 7, 4, 3, 0, 0, 0, 5, 6, 0, 0, 7, 4, 5, 3, 2, 3, 2, 7, 3, 4, 4, 7, 7, 4, 5, 3, 4, 0, 2, 7, 4, 3, 1, 3, 0, 1, 7, 0, 3, 5, 4, 3, 4, 4, 4, 3, 3, 0, 0, 3, 3, 7, 2, 4, 8, 0, 7, 0, 3, 0, 7, 0, 4, 0, 7, 3, 0, 3, 0, 4, 3, 3, 7, 7, 1, 7, 6, 0, 0, 0, 0, 4, 0, 4, 7, 3, 4, 4, 0, 4, 7, 2, 4, 0, 3, 3, 3, 4, 7, 0, 7, 3, 4, 3, 7, 3, 1, 4], "silhouette_avg": 0.4228133020456167, "silhouette_values": [0.6058226843088756, 0.5423299685187914, 0.2448946552531324, 0.5232113591327118, -0.006250413079987212, 0.619022384256993, -0.0504451949457728, 0.5076515263995398, 0.25613506692852234, 0.2134952111066171, 0.41150428817960133, 0.579121106202494, 0.32181498628009153, 0.2679755148855019, 0.01832006843532747, 0.7594549587076052, 0.12619340569431914, 0.10614567768927194, 0.3059832863693593, 0.32239401562386, 0.5334907047391734, 0.5571957367021227, 0.14421217686895424, 0.3055899178336224, 0.5192228952982852, 0.6424173065275628, 0.663041652237521, 0.5424641224028431, 0.1585047583249214, 0.24884524948435516, 0.05361370600967157, 0.42243231293616856, 0.31774084559687366, 0.27282806246950236, 0.5365893104918058, 0.27316587821888405, 0.5102432903136104, 0.6605446589897228, 0.75087837479947, 0.4534205440340328, 0.567170117176083, 0.19933629468453606, 0.5509516544892114, 0.5511961401638934, 0.4543794018992878, 0.48188823638426614, 0.5150817035182541, 0.5014460624060524, 0.5736661671150667, 0.7555632565973565, 0.8557877233680051, 0.4189301201029922, 0.515560429233863, 0.6389611624354965, 0.24613195849816608, 0.6300782219586655, 0.36289063279293843, 0.6007310288389226, 0.35821030676785054, 0.47241598212015984, 0.5802326410491686, 0.4560643913301457, 0.33147959201731975, 0.3465204392378167, 0.5643727985807864, 0.6100150748203907, 0.4296263509434477, 0.5246462879378762, 0.4044872064166823, 0.47356390594445563, 0.555368083413074, 0.26978447538086053, 0.5264290708995131, -0.0511057557739192, 0.38252947146041744, 0.4621044518324567, 0.2272257603357792, 0.28628322497892966, 0.5623478887883502, 0.5579543381703502, 0.3362548011021194, 0.544682470662095, 0.762231809501007, 0.2579761902758849, 0.41753915593003726, 0.3386092045069455, 0.3394800856059494, 0.24229252226071613, 0.1057131902964568, 0.538056121601806, 0.6046835783878715, 0.5420933050980715, 0.5460338276771887, 0.5487320779900845, 0.4627807680329463, 0.22177606582409057, 0.4972228344995755, 0.41590782669702936, 0.3912963220108273, 0.5792288508897896, 0.5339302611129002, 0.28836206974333456, 0.5251817021607252, 0.1274512238249671, 0.6188589869283408, 0.45552567283116707, 0.28414311575487144, 0.3409403809668665, 0.490777377929754, 0.48180809108618955, 0.4446748608053675, 0.5739054090168352, 0.1891760300008038, 0.5371968357053073, 0.30061389648134645, 0.5633570340023457, 0.5194836505311416, 0.6538769816319763, 0.6110345660261666, 0.8415462253652267, -0.05379443465629664, 0.5038027706990351, 0.5833263567363234, 0.6092962237845528, 0.5038740899913501, 0.22967501379367627, 0.32708895842781266, 0.24509407774053543, 0.35775194478483724, 0.45117693866388564, 0.21601581523214092, 0.3727015860402149, 0.35154482715507085, 0.39671833653935146, 0.13553689714983028, 0.265881424894805, 0.6011264747808363, 0.43228168657668514, 0.011028746166182308, 0.5439517398334128, 0.40260644084901526, 0.40322573218940627, 0.5507617656716852, 0.5803417784479133, 0.25786475706729006, 0.29796085675058587, 0.5476061415612347, 0.5786687215185967, 0.36289801985914366, 0.36134705588277055, 0.351490125459186]}