{"labels": [1, 0, 6, 0, 11, 1, 3, 1, 4, 9, 2, 9, 2, 1, 1, 6, 1, 10, 0, 6, 9, 1, 9, 1, 4, 5, 5, 0, 0, 6, 4, 9, 1, 9, 6, 9, 6, 3, 0, 1, 3, 9, 2, 8, 9, 3, 11, 2, 1, 6, 6, 8, 6, 1, 1, 7, 9, 1, 8, 5, 9, 1, 9, 7, 0, 7, 1, 1, 0, 3, 2, 0, 6, 7, 11, 9, 0, 0, 2, 6, 6, 9, 1, 4, 0, 11, 3, 9, 1, 2, 1, 8, 0, 9, 3, 7, 1, 9, 3, 1, 1, 1, 6, 3, 0, 11, 6, 2, 4, 1, 5, 9, 3, 1, 0, 2, 1, 2, 5, 11, 7, 3, 9, 2, 9, 6, 1, 9, 1, 1, 6, 1, 1, 3, 1, 4, 2, 7, 8, 2, 9, 0, 7, 1, 2, 1, 6, 1, 0, 1, 8, 0, 7, 6, 6, 10, 9, 3, 6, 9, 6, 11, 4, 8, 6, 10, 1, 4, 9, 8, 8, 9, 1, 7, 8, 7, 5, 3, 11, 6, 8, 6, 4, 9, 3, 9, 9, 8, 7, 0, 7, 7, 0, 1, 8, 0, 6, 1, 9, 10, 1, 1, 6, 9, 7, 9, 9, 0, 2, 0, 0, 8, 3, 1, 7, 3, 6, 11, 0, 4, 2, 3, 1, 1, 9, 3, 3, 4, 5, 4, 3, 1, 0, 8, 3, 8, 11, 0, 7, 9, 9, 6, 0, 4, 7, 6, 1, 5, 0, 1, 3, 7, 2, 1, 9, 4, 6, 6, 1, 0, 3, 3, 9, 9, 1, 2, 4, 6, 6, 3, 3, 4, 9, 2, 7, 1, 6, 4, 9, 0, 9, 2, 10, 9, 1, 1, 6, 9, 7, 1, 3, 6, 8, 6, 2, 8, 7, 9, 3, 0, 4, 7, 1, 1, 8, 1, 4, 3, 6, 0, 4, 7, 9, 7, 6, 9, 4, 4, 1, 1, 2], "silhouette_avg": 0.5816320067575701, "silhouette_values": [0.689108323992493, 0.8925152852192766, 0.519570616567353, 0.891649560605892, 0.688801744140214, 0.6903692365234848, 0.6751005069497888, 0.6237835275123461, 0.5486918205182306, 0.6720744090206394, 0.7744160088144708, 0.5660749965504608, 0.6328026876706059, 0.68677534363062, 0.5693464884746736, 0.4870033283734354, 0.6667388359211021, 0.6975929017178477, 0.8144848820957732, 0.3774456881772856, 0.5745160930469875, 0.6567910377890797, 0.02630158280939102, 0.6691499023459444, 0.4412936471196556, 0.6383990802640643, 0.7660427023746098, 0.3723105319252514, 0.892142657264979, 0.22606389497379356, 0.15604294418163178, 0.44841204462798967, 0.6336092161874788, 0.6284464017828486, 0.673335551353621, -0.019571992215663338, 0.5728998398890514, 0.35806912874400004, 0.7630596126939495, 0.6168758111569411, 0.7276729198415023, 0.6198406979361378, 0.7275569970389774, 0.749037012784433, 0.3591815502330636, 0.48137058675261096, 0.8713502346558184, 0.3744808789313016, 0.36957201738289286, 0.6289666418990275, 0.6287012178037638, 0.7514952721614275, 0.4547047053674526, 0.3481633757424679, 0.3541347971700759, 0.5173686734358992, 0.5704140453933162, 0.6704689580614054, 0.7249180506854692, 0.7705206236176354, 0.4826382791285829, 0.4007623366508095, 0.6585663310543675, 0.5246509733790795, 0.1612276023604636, 0.4103583519558592, 0.4246936684482678, 0.6396980770773945, 0.898752761229752, 0.6367294609565, 0.746751312917501, 0.897858673500882, 0.5977561565955709, 0.5651295927305788, 0.9022460477576759, 0.10534241993695499, 0.8988435446735692, 0.8926665917588292, 0.5976331886908864, 0.4265952280442214, 0.6691507212929968, 0.4746076432232495, 0.1019619824911872, 0.7978097610977436, 0.8980938782357073, 0.9022613037756126, 0.7624440038795023, 0.31820272968175034, 0.6385166937750367, 0.7518380637703861, 0.5282648858249699, 0.7468297907606829, 0.6125445836777325, 0.3443243231073953, 0.7703151792695961, -0.0540718499425223, 0.6470037245258945, 0.5765818333091123, 0.761682243342123, 0.6084004339633751, 0.4088482089701299, 0.6392959676189984, 0.24136588396163441, 0.7644175204721195, 0.8926778034063763, 0.8642142270380109, 0.6097474194030206, 0.7182642564443662, 0.7991402547560882, 0.5419987531100222, 0.6470411910169874, 0.6580499513642046, 0.68958918284202, 0.6882153745189477, 0.31067008286544145, 0.7230019340221104, 0.4327704812748992, 0.7586307206306692, -0.04481549323057601, 0.8567270567031579, 0.6078043375179656, 0.6683982485053872, 0.5214031573592771, 0.7231472897117689, 0.09727684241859597, 0.6210577007311608, 0.4394190169252759, 0.332669643087118, 0.10817933593345005, 0.6409756052863784, 0.38755872228978044, 0.22234417810133716, 0.3995006286595051, 0.7647450248960408, 0.37985733861000454, 0.7483885872322228, 0.7782229254809272, 0.3940330065648738, 0.6130984381589135, 0.7263618660086578, 0.5612887836785222, 0.8995913871276272, 0.4065786219955295, 0.5936994217376154, 0.19410912922236337, 0.33739204464127726, 0.40163448971013077, 0.3869391472750533, 0.8746037928047182, 0.1148082788744241, 0.4395053696096422, 0.8686809450521856, 0.15985617786422396, 0.6365703501834009, 0.43135527380112193, 0.5380704798308162, 0.5454863461872766, 0.689397185606632, 0.6544777804424978, 0.6220279612080846, 0.5740505251797058, 0.9020222015284752, 0.7986505816525307, 0.7493396169041995, 0.6705955129499845, 0.6269334457719679, 0.23741991984489577, 0.7509306149609647, 0.5988555061078762, 0.7342700324767113, 0.617935719246808, 0.6199495256072334, 0.6941879177554102, 0.10787951938526727, 0.6034509946586907, 0.6034565499353538, 0.7790180294797222, 0.48126981228603055, 0.863905065432228, 0.5339547459478838, 0.746443999262441, 0.23913875790098651, 0.7972178206345818, 0.17466966490623934, 0.34851061313999393, 0.6046805346249785, 0.5396765328772934, 0.005894098849626974, 0.6032833660044313, 0.8937785834938823, 0.51905156735243, 0.45209966232301807, 0.8666644431068289, 0.13176614118956967, 0.6923808789267177, 0.8947362805685702, 0.425756796008627, 0.4634371907552768, 0.5435757591670782, 0.5723443955461075, 0.6236854428596663, 0.6112928350085082, 0.6299277612231496, 0.609989787541875, 0.10838151838191064, 0.619305186867389, 0.6707202997020983, 0.8330109972768487, 0.7495427269253028, 0.895425083167492, 0.8942684503297541, 0.7221753414429959, 0.7712942907231431, 0.5784022543400691, 0.36781510295528014, 0.7712728690442742, 0.5808271163769891, 0.8871843867402874, 0.8911199962991426, 0.8008250437327906, 0.7461507131504459, 0.7689735893051255, 0.08797368697065834, 0.2493433135186324, 0.5256113247333033, 0.7096249218367292, 0.6267806958244609, 0.7959827501806045, 0.7775322494142307, 0.3565227558196916, 0.43442700465086026, 0.5863610581465163, 0.8954829071151036, 0.7435420271125552, 0.6745862550585976, 0.7117739731331336, 0.7204971816879262, 0.6247425910029756, 0.16476517367372237, 0.3680502846815726, 0.4877755018832641, 0.3733864642244222, 0.8962923308917466, 0.06972532545617542, 0.578155561496986, 0.5995886855076237, 0.6775469040786913, 0.7299077964336362, 0.8979761114672531, 0.40070681622119936, 0.7645166909152071, 0.622824475425796, 0.22263781093131912, 0.23612296536584357, 0.33241053314406205, 0.7979518684138076, 0.6229672644597208, 0.4584750502093462, 0.39814262805600964, 0.89386960224464, 0.6608192676276341, 0.7274407007918239, 0.598326184580924, 0.10807260334432682, 0.6920928712179379, 0.644267280032979, 0.802564862656701, 0.6187339505672216, 0.3739095169350449, 0.6607927167958553, 0.6207776519590814, 0.7576571146625148, 0.6400994781347535, 0.7467097348874372, 0.6326231457056551, 0.5816716626024971, 0.6594139962722007, 0.7532860985251455, 0.39168884827959044, 0.9007912094906066, 0.5988054576697289, 0.6787983086063064, 0.6181609394743901, 0.349250472576288, 0.20331843724960363, 0.6603878038360752, 0.4963898036857221, 0.6063586563807191, 0.08165388473826915, 0.6395189772535104, 0.7643421059052523, 0.23686945036657125, 0.008036080927509416, 0.6367659826459818, 0.6320714072194934, 0.5394238098533416, 0.2831146722629445, 0.6721837309874743, 0.7135314226440371, 0.8993210250631728, 0.795988422774608, 0.6413668611634693, 0.6846025402339427, 0.6752353011167095, 0.4374238349334385, 0.6775141220361117, 0.16220612654538813, 0.37988296658960524, 0.6228783356566908, 0.8975308888900186, 0.7986613443253995, 0.387542452579881, 0.5406728341080647, 0.6074983562468386, 0.5570116566247206, 0.6331671275701559, 0.7510227869855689, 0.7577009211407961, 0.6277465056371025, 0.6909828783971302, 0.7633590195589051]}