{"labels": [10, 9, 5, 3, 11, 6, 3, 3, 7, 9, 5, 6, 7, 0, 9, 9, 0, 5, 7, 0, 8, 6, 1, 4, 7, 5, 5, 0, 1, 7, 2, 2, 0, 7, 11, 0, 11, 9, 5, 0, 3, 3, 7, 7, 1, 7, 7, 9, 1, 2, 1, 0, 9, 3, 2, 5, 9, 2, 7, 7, 0, 3, 9, 0, 0, 1, 0, 2, 3, 2, 7, 9, 0, 2, 6, 7, 5, 11, 0, 3, 2, 2, 5, 2, 5, 7, 6, 9, 9, 0, 11, 5, 9, 9, 8, 8, 8, 2, 3, 3, 7, 6, 1, 7, 2, 12, 3, 1, 2, 12, 11, 9, 0, 11, 0, 10, 3, 5, 4, 11, 7, 0, 9, 7, 6, 2, 7, 11, 8, 6, 9, 6, 2, 7, 1, 0, 4, 6, 6, 1, 6, 9, 5, 9, 2, 9, 3, 9, 0, 7, 5, 8, 7, 5, 7, 1, 0, 9, 0, 6, 5, 11, 5, 0, 6, 3, 11, 3, 3, 6, 3, 2, 3, 0, 0, 0, 0, 2, 7, 0, 3, 11, 0, 6, 9, 12, 1, 1, 7, 0, 0, 3, 9, 7, 9, 0, 7, 9, 6, 0, 0, 11, 0, 7, 3, 0, 2, 11, 5, 2, 9, 3, 0, 7, 3, 0, 5, 7, 1, 0, 1, 11, 0, 10, 7, 2, 6, 2, 11, 0, 5, 5, 7, 2, 3, 0, 1, 11, 6, 2, 3, 6, 7, 11, 0, 3, 8, 0, 3, 8, 9, 2, 7, 3, 7, 9, 7, 0, 2, 2, 11, 9, 9, 12, 2, 9, 7, 7, 7, 7, 1, 0, 7, 0, 1, 9, 5, 0, 0, 3, 9, 12, 4, 0, 5, 6, 0, 8, 7, 8, 1, 7, 9, 0, 4, 1, 7, 3, 1, 4, 0, 0, 9, 0, 1, 9, 9, 0, 7, 4, 2, 6, 0, 9, 5, 4, 5, 3, 0, 3, 7], "silhouette_avg": 0.5936856698051711, "silhouette_values": [0.5810637106853762, 0.2413658839655077, 0.5519951534588504, 0.3723105319220822, 0.43950536977555044, 0.7275569970491318, 0.8921426572605213, 0.8980938783010683, 0.4484120446276071, 0.6228783356693511, 0.6747234884109518, 0.7744160088188502, 0.5454863461875511, 0.2913885478890699, 0.43135527380795885, 0.6289666419000804, 0.6995628498543268, 0.5127399419899322, 0.1080726033420974, 0.4381530013381535, 0.8642142270367374, 0.7467097350267894, 0.3565227558182671, 0.7299077964374605, 0.6199495258186348, 0.39143846030865387, 0.2088834399973452, 0.6596358886447508, 0.748388587228107, 0.3916888482796922, 0.764516690904024, 0.7712942907218957, 0.2759538234451993, 0.5988054579016189, 0.008036080938824167, 0.4514624468997725, 0.5394238098559824, 0.48700332836663107, 0.00025578953849139755, 0.43165078847232824, 0.8993210250302746, 0.8937785835339251, 0.5983261845784095, 0.3182027296891117, 0.7978097609293784, 0.02630158281153822, 0.5660749965628766, 0.6187339505680455, 0.7576571143562494, 0.7689735892958328, 0.7986505819270512, 0.12686083692123057, 0.3875587222916107, 0.894736280602972, 0.6207776519629062, 0.6466071535809302, 0.6733355513593746, 0.7624440038795568, 0.5214031573593555, 0.6220279612161739, 0.39084257435726133, 0.899591387153544, 0.2260638949701626, 0.28595313276332424, 0.7135649152253088, 0.1622061265423118, 0.5107350353156289, 0.7135314226520195, 0.898843544686521, 0.34851061313376985, 0.6046805346286763, 0.37338646399403763, 0.5670553864294005, 0.7276729199379007, 0.7633590195649758, 0.6099897875415011, 0.639623431233735, 0.6179357192723884, 0.4855656472417026, 0.6125445836837184, 0.7703151792650216, 0.7616822433609804, 0.669550231556339, 0.34799220134031333, 0.5412024897606116, 0.5704140454052427, 0.7431751818005673, 0.6097474194047358, 0.654477780445937, 0.18864177215439412, 0.0058940988638303575, 0.5442721635113844, 0.5977561566027076, 0.6691507213015021, 0.7204971816895656, 0.9022613037738514, 0.8871843867554228, 0.636729460958838, 0.8962923309294692, 0.9007912094784858, 0.6585663310541026, 0.7461507132838306, 0.44129364712368496, 0.5435757591566441, 0.4344270046494095, 0.5723443955576191, 0.31067008286563214, 0.06972532545566314, 0.6751005069560512, 0.6269334457741026, 0.6130984381796772, 0.6229672644643331, 0.7161325181947422, 0.711773973132509, 0.6755312995057252, 0.7827185537038291, 0.8979761114713707, 0.4048657220448958, -0.04481549323026208, 0.7221753414660577, 0.6721837309878373, 0.7126316696656573, 0.5195706165727947, 0.09727684241858514, 0.7782229255028107, 0.6895891825117986, 0.3492504725747641, 0.7249180507004374, 0.9022460477623794, 0.7467513129058807, 0.45470470536880564, 0.7405482516003047, 0.7643421057959597, 0.5988555063589521, 0.7979518681957846, 0.5516200618022985, 0.770520623615815, 0.1941091292222289, 0.6320714072235278, 0.7577009208244743, 0.6787983086106012, 0.6367659826535296, 0.6669837224850148, 0.6594139962754465, 0.48137058653227804, 0.6287012178104083, 0.8942684503528608, 0.3774456881804882, 0.2437649728060029, 0.6720744090191956, -0.009407517719106362, 0.871350234646975, 0.5612887836903893, 0.03525258752030252, 0.48777550188715146, 0.15604294417826728, 0.40704568271957237, 0.401634489715914, 0.6998830527872847, 0.7191891821061797, 0.19977849057711652, 0.7514952721637012, 0.6728737737521755, 0.13125685215525468, 0.22263781093465193, 0.8938696022289768, 0.7493396167497838, 0.8926665917650196, 0.6247425910030149, 0.6293713328020876, 0.1612276023604471, 0.7712728690473265, 0.8144848820868285, 0.6753528535872081, 0.6155027661718808, 0.703091280091634, 0.6458298468169932, 0.48126981205441616, 0.6063586563722191, 0.5366993602225701, 0.8746037928011557, 0.7435420271135161, 0.6534547886811076, 0.37448087893234205, 0.5728998398857589, 0.6181609394806528, 0.7509306156772579, 0.8008250437749914, 0.6400994781425194, 0.6755002706350892, 0.3020195356365127, 0.866664443094133, 0.6299277612228129, 0.35918155022921333, 0.3739095167070893, 0.6587852842339571, 0.33241053283247923, 0.6210577007409024, 0.5825005858274684, 0.7041508452314833, 0.7111470738976993, 0.7468297907032997, 0.5472992273087144, 0.6284464017862111, 0.7630596126883851, 0.6611457580039922, 0.6608192669720294, 0.6923808789435023, 0.5082659182730846, 0.689397185305859, 0.23913875790347405, 0.8916495606039349, 0.716333812947224, 0.6193051868688402, 0.8686809450512479, 0.6428084068550963, 0.4865463274786634, 0.6580499513675219, 0.5486918205196477, 0.3880407109226173, 0.8025648626481644, 0.6034509946617022, 0.6733880724375423, 0.7938932773361274, 0.3326696427837591, 0.6683982485065787, 0.7231472897089435, 0.7274407009143459, 0.7464439992011376, 0.366335734312302, 0.49443404296146165, 0.6673348573952201, 0.47460764322251564, 0.7647450248116345, 0.8978586735475848, 0.6606617037858163, 0.7986613446070943, 0.7490370126221113, 0.632802687673257, 0.7644175204665205, 0.8926778034182896, 0.7498818914927846, 0.540672834112932, 0.7342700324764522, 0.4570786470384776, 0.8954829071205337, 0.8639050654330731, 0.3606396753045347, 0.8987527612160777, 0.8567270566911789, 0.5740505251672431, 0.7096249218407086, 0.525611324745744, 0.8954250831497993, 0.5745160930502881, 0.5339547459494977, 0.6707202997061704, 0.4257491195225926, 0.3798829665815958, 0.6745862550513992, 0.4374238351200147, 0.4584750502099447, 0.5570116566245149, 0.5380704798430043, 0.62678069582748, 0.2368694503729232, 0.633167127568902, 0.6198406981530071, 0.17466966490632688, 0.10534241993964863, 0.7991402547745516, 0.4491425294097555, 0.3680502846830421, 0.6488409644237708, 0.7532860985172539, 0.636570350180527, 0.11827437297120355, 0.2931459029079998, 0.6203017713536737, 0.833010997270228, 0.6705955129560766, 0.6975929017248136, 0.7775322494000431, 0.7006743480276945, 0.48659906543334763, 0.7182642564458014, 0.5541294019649381, 0.6888017441423431, 0.5396765328800235, 0.9020222015299019, 0.7972178206529028, 0.34432432310879246, 0.4963898036835776, 0.7040162282010268, 0.7790180294902492, 0.7959827474233501, 0.5765818333088537, 0.8911199963004824, 0.7510227877033359, 0.6134352216172531, 0.6838119989244063, 0.5398590110156832, 0.5995886855118269, 0.7089445062829355, 0.7959884200154156, 0.4257567960077839, 0.5808271163790646, 0.6793056901003739, -0.019571992217876283, 0.64704119101075, 0.6607927161350625, 0.7263618660103751, 0.6751627056477497, 0.42659522804912386, 0.6291730123537873, 0.766042702373283, 0.6629411578259623, 0.8925152852193114, 0.6795010971439513, 0.8975308888622076, 0.4826382791395789]}