{"labels": [2, 8, 1, 8, 3, 2, 6, 6, 0, 3, 0, 3, 1, 5, 10, 6, 1, 5, 10, 2, 6, 3, 1, 7, 7, 6, 1, 2, 0, 7, 4, 2, 10, 3, 4, 1, 5, 5, 2, 2, 6, 4, 6, 6, 7, 2, 6, 5, 2, 6, 0, 2, 1, 3, 0, 7, 1, 1, 6, 6, 1, 4, 7, 2, 0, 2, 6, 6, 0, 6, 2, 2, 9, 7, 1, 1, 3, 7, 7, 10, 1, 6, 1, 6, 4, 4, 9, 4, 0, 1, 0, 6, 3, 9, 3, 6, 2, 0, 0, 3, 10, 2, 7, 2, 2, 1, 4, 7, 7, 4, 6, 10, 3, 1, 1, 10, 7, 8, 1, 2, 1, 1, 9, 0, 8, 6, 4, 3, 2, 1, 6, 5, 0, 1, 6, 6, 2, 2, 4, 6, 2, 10, 2, 7, 2, 2, 8, 1, 1, 4, 3, 7, 4, 2, 6, 2, 2, 4, 2, 2, 5, 7, 2, 6, 6, 2, 3, 9, 4, 3, 3, 0, 7, 7, 3, 3, 6, 8, 6, 1, 1, 8, 8, 5, 6, 2, 5, 2, 3, 6, 0, 5, 6, 8, 0, 2, 5, 6, 10, 10, 1, 7, 2, 2, 8, 6, 0, 10, 4, 8, 1, 4, 9, 0, 10, 0, 0, 5, 8, 3, 0, 1, 3, 6, 10, 0, 3, 2, 8, 4, 3, 2, 0, 7, 1, 10, 0, 5, 1, 0, 2, 3, 8, 2, 2, 1, 7, 2, 2, 6, 6, 2, 8, 2, 0, 8, 1, 4, 7, 0, 1, 7, 1, 2, 1, 10, 6, 3, 1, 5, 1, 2, 9, 6, 1, 1, 2, 0, 2, 2, 3, 8, 6, 3, 0, 5, 7, 6, 3, 6, 7, 2, 3, 2, 6, 3, 2, 0, 10, 2, 2, 2, 1, 2, 1, 8, 0, 0, 1, 8, 4, 4, 3, 1, 3, 10, 1, 7, 7, 3, 4], "silhouette_avg": 0.5726022452787104, "silhouette_values": [0.38380915595461995, 0.8502541710473154, 0.39720880617413495, 0.8532723547552508, 0.5829904663252992, 0.6582553861697384, 0.028273770902813213, 0.3137426936008061, 0.6980971361933969, 0.9164976806533336, 0.7600723872575815, 0.8264052834681638, 0.6700903326041744, 0.5015949033596901, 0.5977206569422133, 0.37256246382642333, 0.6707368763031752, 0.051346835557454326, 0.7637897275191309, 0.6747484776212996, 0.6217648520371308, 0.8987191818469565, 0.48184412234357654, 0.608496552055959, 0.3395306244765285, 0.4376768895636248, 0.6693174097631072, 0.5331881556445925, 0.6870769385286002, 0.007724305714154251, 0.4168962621606529, 0.17536442493423815, 0.7764292483895295, 0.9004392057431801, 0.254010822743003, 0.24158675949574945, 0.5980803865896644, 0.6284266945391253, 0.6425978312223724, 0.6820898021840491, 0.3853270296619852, 0.7333827977055817, 0.44783300740242227, 0.6139847784879765, 0.6181540895456525, 0.6560100636373519, 0.5788749617979383, 0.5984256027547905, 0.551011202695103, 0.4292096353881954, 0.7594414371222384, 0.4086255269707275, 0.2164045673050737, 0.9178969720522441, 0.7635862668055936, 0.11099050420029226, 0.6652958731800653, 0.17996871220169441, 0.6259623043001257, 0.32597444582487706, 0.004021219796695594, 0.6348375112973135, 0.4245840666999173, 0.6977050121653364, 0.5329976652409459, 0.39196014221802866, 0.3292776300952982, 0.3276575602685009, 0.686665846556595, 0.6369011881211365, 0.6426840693317426, 0.4099537894399466, 0.822779423887261, 0.4938818846949836, 0.21032588202505317, 0.5487302270664912, 0.9166001833181838, 0.6194644053107018, 0.4950619823407188, 0.788627159187135, 0.12209715053679801, 0.6198122661088433, 0.58399867015726, 0.4875394294582426, 0.5876654689778162, 0.743609867168685, 0.6900508547967652, 0.6930201826053616, 0.42703694458075275, 0.5089393843435326, 0.645489987670632, 0.5058707630610387, 0.9221260055549044, 0.8156745246071393, 0.9232585250569536, 0.6516529638699683, 0.698191742632561, 0.7634759640485395, 0.6175348723257773, 0.9162741629333452, 0.7883878211186561, 0.5414909205398918, 0.3359001296268573, 0.6272914121842995, 0.5545700412521635, 0.5601966995554898, 0.7529292036328076, 0.6047389009967777, 0.13127550352438283, 0.7358227093817086, 0.6305920697268862, 0.606161503865956, 0.9207336715183726, 0.3163613003622151, 0.04654397778158673, 0.7846305129896666, 0.5694696498517917, 0.7815995774022877, 0.527513262820329, 0.22832941277885438, 0.5756171033451073, 0.6151335983584864, 0.8257178719076814, 0.7297083918323896, 0.8538506600177355, 0.51802463342256, 0.7602243269896952, 0.9196106904957383, 0.367106211640965, 0.6562003352040168, 0.0967806615137843, 0.5351471161407995, 0.07142831599151678, 0.5249561544780604, 0.3583743662979627, 0.5669993645173458, 0.26833571180735494, 0.6346999220341006, 0.7460302268564672, 0.01707815771030086, 0.6242911794628726, 0.7907488323571797, 0.6674591316982526, -0.05856157903645279, 0.688302294718272, 0.6408519524578251, 0.8126503837016821, 0.10479827339824647, 0.5699898485804823, 0.7600135293741889, 0.9209137435466764, 0.07703051857200693, 0.7220546505921515, 0.6150015282585892, 0.5752746475086745, 0.3094528157974367, 0.42849026003594465, 0.6489604026755197, 0.6617215562509597, 0.6944276384451139, 0.6403497413512443, -0.06555990197780845, 0.6965062101700126, 0.5292637683758934, 0.585215130631281, 0.6834860729530228, 0.918762584733528, 0.812929450213501, 0.7421686544881564, 0.9192446986836791, 0.916734091996428, 0.07326994039286962, 0.43744047086943094, 0.43057961357931535, 0.9217100406016747, 0.9209149511314573, 0.32503902912307353, 0.8127234405983627, 0.4258439893402622, 0.6705353388446059, 0.548699005031803, 0.8435313547295891, 0.7753610615767413, 0.5539140693769705, 0.577791735695467, 0.4216693080400128, 0.27005704406012376, 0.050152760567097755, 0.9040650207431067, 0.3396475074687847, 0.7597583410309671, 0.6284619220492393, 0.5817157639471392, 0.8526374727947141, 0.6290615400927609, 0.6559842022691569, 0.24519704446242876, 0.6144935396026503, 0.37068044496792973, 0.7856889303296928, 0.5789021689681898, 0.5737067990105564, 0.6018663509137543, 0.7024420225784346, 0.8435409817144903, 0.5521528346999653, 0.5331402121017832, 0.7319366147469891, 0.2762545627529445, 0.48083510259979156, 0.5370293482909829, 0.7597005646058008, 0.7658758583995497, 0.7634584916448208, 0.3733640100320591, 0.4951469658574562, 0.7125920063954398, 0.5979960655595961, 0.7816584351393482, 0.7278468869659531, 0.4218152678306311, 0.6519523352472872, 0.547858906708385, 0.44269412783056056, 0.7667682483365633, 0.6507399384885232, 0.8618513341444793, 0.4886737893079619, 0.8552054490242114, 0.6513714860794512, 0.9219243063982849, 0.7010460391887832, 0.3661812257256948, 0.44325530637024624, 0.6739510099343025, 0.7850520390837434, 0.7299412080414418, 0.1534899874104273, 0.5040572059593467, 0.703138607342846, 0.1653171961375876, 0.9172846003630579, 0.8548373710693659, 0.3126697496553587, 0.46548764033797774, 0.45690948035823475, 0.13840266269934148, 0.5697574423912122, 0.383570646782177, 0.6079426488839131, 0.5384403683450446, 0.686638073386458, 0.20030248923168964, 0.6893284141372197, 0.758073669797108, 0.7686661757605947, 0.5768797545917557, 0.7853077032580139, 0.5873698647650093, 0.6979253873935443, 0.5790053308680235, 0.052658630096988075, 0.6622259031568399, 0.2684883398724168, 0.2419038945762216, 0.5849625848160435, 0.523860460686175, 0.9218670754528864, 0.600439954793291, 0.5097309071417075, 0.6190569542091425, 0.6573648014025024, 0.6981104287917577, 0.5633966902541467, 0.008440910164882806, 0.6740337783979272, 0.36580359867639517, 0.7550851794116978, 0.4268457106938941, 0.43621423909340545, 0.917453928752443, 0.3242558657057686, 0.04878520154459713, 0.9177829420375689, 0.6590573116715615, 0.5173997422285344, 0.5005127688786657, 0.6303809364571432, 0.7352588384834932, 0.4430656328716582, 0.6288719984041194, 0.6452980710774155, 0.9208279695277268, 0.696772255030374, 0.127750119050766, 0.8750584174963274, 0.253280135937625, 0.7551914527270397, 0.5016501745518347, 0.5469579867269213, 0.6575206154354716, 0.6570673837089447, 0.5765341491758207, 0.11970927264409541, 0.5721189019876478, 0.8524915788121813, 0.6507659814573608, 0.7572824523661562, 0.2942210444573824, 0.8532710359938818, 0.7743405252113473, 0.741039300275421, 0.466364165219553, 0.5080674631817812, 0.9165059281929615, 0.7315929168629708, 0.22966400897454262, 0.6047467780918597, 0.4260688772673535, 0.9181635172203042, 0.7888667858216495]}