{"labels": [3, 7, 2, 3, 12, 6, 5, 5, 6, 7, 9, 2, 2, 2, 6, 1, 3, 3, 3, 12, 7, 7, 8, 1, 0, 2, 1, 1, 11, 6, 4, 6, 2, 1, 7, 2, 0, 2, 1, 0, 1, 0, 2, 6, 1, 1, 3, 3, 2, 2, 4, 2, 4, 6, 12, 3, 2, 1, 10, 6, 4, 12, 3, 4, 8, 1, 5, 5, 4, 3, 1, 2, 2, 2, 7, 5, 2, 4, 0, 1, 4, 8, 2, 1, 11, 1, 6, 1, 1, 1, 2, 8, 4, 6, 0, 6, 2, 1, 6, 6, 10, 0, 6, 1, 2, 1, 0, 1, 2, 2, 1, 3, 2, 1, 0, 7, 7, 6, 4, 0, 3, 0, 7, 4, 6, 2, 1, 1, 8, 7, 10, 12, 6, 4, 1, 1, 0, 12, 4, 12, 0, 7, 3, 3, 1, 8, 8, 10, 5, 6, 3, 1, 0, 0, 3, 12, 6, 2, 5, 4, 3, 0, 12, 9, 1, 6, 12, 10, 3, 6, 8, 1, 3, 2, 0, 2, 1, 1, 6, 6, 4, 1, 7, 6, 10, 1, 0, 0, 2, 1, 9, 4, 1, 0, 6, 7, 0, 3, 8, 1, 10, 4, 6, 1, 1, 1, 7, 12, 11, 8, 2, 2, 9, 1, 0, 6, 5, 3, 9, 7, 4, 8, 3, 3, 0, 6, 1, 6, 1, 3, 1, 7, 3, 2, 6, 0, 12, 0, 4, 0, 8, 8, 7, 1, 7, 2, 12, 7, 1, 1, 8, 8, 4, 4, 2, 4, 1, 2, 6, 8, 0, 6, 12, 2, 8, 2, 7, 1, 2, 1, 3, 0, 3, 1, 6, 1, 2, 2, 3, 12, 10, 12, 7, 6, 8, 2, 0, 5, 1, 2, 0, 2, 8, 0, 1, 0, 1, 1, 6, 8, 2, 8, 2, 6, 3, 1, 6, 7, 2, 0, 3, 3, 4, 2, 5, 8, 12, 6, 3, 6, 1], "silhouette_avg": 0.5961389151680021, "silhouette_values": [0.687076938383241, 0.8008250437393697, 0.6099897875390865, 0.6979253873941342, 0.7846305130735479, 0.6229672644616384, 0.8713502346485343, 0.9020222020238354, 0.5808271163786948, 0.7510227869867884, 0.5723443955547618, 0.5612887836765885, 0.670720299705467, 0.6585663310408257, 0.5339547459494356, 0.0648019454097827, 0.7125920063954155, 0.6115944196795428, 0.07326994037922747, 0.7907488323790841, 0.7972178206540825, 0.7577009199038882, 0.7275569970425192, 0.6639311143401769, 0.8954829071396977, 0.658049951357324, 0.6855125380662939, 0.4285415178323082, 0.5807734449821759, 0.40163448970948357, 0.679549747134833, 0.6187339505760366, 0.5745160930596069, 0.6909375046738864, 0.7991402547762657, 0.5988054576730283, 0.8962923308991682, -0.019571992213914237, 0.05567546820636672, 0.8686809450513642, 0.534626165254488, 0.7630596126905105, 0.5406728341131157, 0.5995886855043907, 0.4136687948004559, 0.40180896375906006, 0.6866658464236601, 0.7600723872602805, 0.3182027296883033, 0.598326184581406, 0.4838825204770834, 0.39168884827995754, 0.2852125366098104, 0.597756156595827, 0.788387821178686, 0.7299412080411062, 0.5396765328779011, 0.6347800905307078, 0.64704119101749, 0.5570116566240004, 0.4561615023204148, 0.766768248399782, 0.6507659814553054, 0.6384101389697148, 0.7467097349674945, 0.10857031933319035, 0.8871843867334699, 0.9022460483328874, 0.46316181729493966, 0.7551914529221266, 0.6346928160343429, 0.5454863461788839, 0.6220279611983202, 0.6193051868652824, 0.44129364713921365, 0.8567270567011835, 0.5765818333033502, 0.5900839127549126, 0.8978586736541481, 0.7019490160353623, -0.030019861410759477, 0.7182642564628747, 0.48777550188166535, 0.7028983316375612, 0.783103560559552, 0.25954615428476435, 0.4870033283675406, 0.3763151564548653, 0.6573730168116189, 0.7072744286887813, 0.10807260334476687, 0.3744808789258571, 0.4860434317483074, 0.23913875790112665, 0.8926778034207595, 0.6097474193980237, 0.10534241994018527, 0.6411993009575679, 0.6705955129398751, 0.3733864639949557, 0.7299077964406269, 0.891649560604025, 0.4313552738020956, 0.6565947933932381, 0.6199495259222632, 0.5660824101574234, 0.8921426572867536, 0.34325474077213475, 0.47460764322708543, 0.6721837309897435, 0.6915038018593227, 0.6290615400959793, 0.34925047258474284, 0.6999796168686828, 0.6247425910051781, 0.797951868388762, 0.7509306149615349, 0.6733355513492153, 0.35691297778350856, 0.8926665917750743, 0.7594414370461344, 0.9007912094895371, 0.7959884227677099, 0.7021491194332087, 0.5728998398870739, 0.6046805346161808, 0.6564766783739054, 0.4583745723465596, 0.7467513129019606, 0.7978097611197359, 0.7705206236048632, 0.7764292484159894, 0.6228783356678702, 0.6997454340321502, 0.705581860483522, 0.6724087553815007, 0.8911199962994976, 0.3733640100441542, 0.6780883542462605, 0.3706804449610239, 0.8937785834981055, 0.3565227558281953, 0.6507399384889074, 0.7550851795998106, 0.2437249277736568, 0.7231472897139817, 0.6787983086009417, 0.7775322494135841, 0.8642142270297436, 0.22606389497056012, 0.7635862668095941, 0.6643967192192183, 0.8980938783165481, 0.16122760235920888, 0.7580736697935829, 0.5016501745566662, 0.5740505251766453, 0.5704140454001417, 0.6888017441371688, 0.6840542396923392, 0.7597583409804313, 0.8925152852006668, 0.7850520391745659, 0.5380704798397778, 0.48432285895580723, 0.6287012178064024, 0.584962584802262, 0.7660427023698667, 0.4218152678281166, 0.38755872226963173, 0.22263781093614646, 0.1537313916722187, 0.7572824523850629, 0.6720744090125099, 0.8942684503442921, 0.6331671275675463, 0.2590172662357221, 0.6567661755386913, 0.4257567960061364, 0.37390951670434275, 0.545111923182557, 0.3480280181948345, 0.1622061265425675, 0.6367659826426789, -0.04481549323352208, 0.6260206240483297, 0.894736280659134, 0.8330109972689557, 0.5256113247445756, 0.35982015494136266, 0.6975929017245586, 0.6782769397509089, 0.6745111093621377, 0.8144848820895649, 0.6594139962833532, 0.06972532545342057, 0.3106700828652383, 0.4951469658412281, 0.7493011763389521, 0.6449463261489632, 0.7790180295011437, 0.6020713193090215, 0.45470470536657304, 0.5761711897180505, 0.39775783183744484, 0.6408196544018063, 0.7986505815587711, 0.7315929168655373, 0.7944248247626332, 0.7782229254858377, 0.33241053252368763, 0.026301582812653188, 0.6269334457766251, 0.41924110442783485, 0.37231053192345787, 0.6299277612238707, 0.8639050654270339, 0.6980971361945999, 0.6181609394764946, 0.7576571134268997, 0.2908468828463969, 0.7633590195576568, 0.7031386073432079, 0.532997665172927, 0.8995913871973292, 0.5195706165661672, 0.592140457077729, 0.6691507213106348, 0.6289316857808993, 0.07142831597931107, 0.6833593910129458, 0.7986613441898717, 0.7297083918362068, 0.09727684241996391, 0.377445688150614, 0.8993210250600591, 0.7886271591735193, 0.8954250831688101, 0.4545089189148548, 0.8987527612265729, 0.5930482075443274, 0.1941091292241505, 0.7959827501859154, 0.6039087475075288, 0.1560429441822622, 0.6063586563795672, 0.7856889303430222, 0.7532860984933661, 0.6915576622785217, 0.42281581132474955, 0.7559162681948887, 0.7744160088132522, 0.5940318813887056, 0.6584903938959896, 0.44841204462645934, 0.6757891382405694, 0.580177365391804, 0.33266964248135467, 0.636570350196219, 0.632071407219693, 0.8979761115265676, 0.24136588396212819, 0.5977206569393319, 0.34432432312413225, 0.6394144358965056, 0.5988555061110507, 0.8025648626546666, 0.42248584050333554, 0.4826382791309789, 0.7037731921966965, 0.6454899876656258, 0.8746037928070708, 0.4270369445740665, 0.40161448634121255, 0.6544777804544148, 0.21780684311232645, 0.6400994781393964, 0.6284464017774359, 0.7634759631099844, 0.6061615038917769, 0.613435221624478, 0.7637897275680997, 0.74838858723053, 0.23686945037010812, 0.7230019340118343, 0.6198406982624126, 0.6125445836850314, 0.7204971816851738, 0.5488430147187714, 0.17466966490332003, 0.8975308888914151, 0.359181550223359, 0.632802687671104, 0.8666644431034095, 0.4205781470594508, 0.8938696022419307, 0.702502228197984, 0.21322629382316688, 0.4265952280423034, 0.7461507132376609, 0.5214031573582344, 0.7468191696594473, 0.36805028468278594, 0.4963898036817163, 0.6590573116644468, 0.6926759208316389, 0.6289666419019697, 0.5486918205259113, 0.5435757591702003, 0.8988435447027598, 0.2788201372810678, 0.7634584907011497, 0.2109219279981153, 0.5660749965375408, 0.9022613042436609, 0.7263618660272887, 0.7319366147450914, 0.45847505020918145, 0.5331402120221649, 0.6210577007316206, 0.65500911974358]}