{"labels": [1, 2, 0, 1, 7, 1, 3, 0, 3, 3, 7, 5, 5, 7, 9, 2, 5, 2, 2, 8, 7, 8, 7, 2, 5, 3, 0, 4, 0, 7, 3, 2, 3, 6, 1, 9, 9, 5, 3, 4, 5, 0, 0, 3, 4, 0, 5, 9, 3, 3, 2, 4, 8, 4, 0, 0, 5, 9, 7, 2, 0, 3, 6, 0, 2, 0, 3, 6, 8, 5, 8, 3, 2, 4, 4, 4, 2, 4, 5, 0, 1, 1, 8, 3, 8, 3, 3, 3, 6, 6, 3, 10, 1, 1, 3, 0, 1, 3, 0, 3, 5, 5, 8, 3, 9, 2, 5, 8, 0, 9, 4, 7, 5, 4, 4, 9, 2, 2, 3, 8, 3, 6, 0, 0, 10, 5, 5, 1, 4, 3, 0, 0, 0, 3, 8, 5, 2, 0, 2, 0, 4, 5, 5, 3, 4, 7, 0, 1, 3, 3, 0, 8, 7, 3, 4, 3, 8, 8, 2, 3, 0, 2, 1, 5, 4, 5, 8, 8, 9, 5, 5, 0, 5, 10, 8, 5, 6, 3, 3, 1, 5, 1, 0, 6, 5, 4, 0, 2, 7, 4, 9, 2, 2, 7, 0, 8, 10, 5, 5, 2, 2, 1, 7, 5, 0, 5, 3, 2, 5, 6, 3, 4, 5, 0, 6, 0, 7, 5, 1, 0, 9, 4, 10, 3, 2, 9, 10, 3, 2, 5, 7, 1, 3, 7, 0, 1, 1, 9, 2, 2, 5, 7, 3, 4, 3, 5, 3, 9, 4, 1, 0, 0, 8, 4, 3, 4, 10, 3, 3, 3, 1, 3, 8, 9, 4, 0, 2, 5, 0, 9, 8, 1, 2, 10, 10, 9, 0, 0, 3, 0, 7, 1, 3, 4, 4, 5, 6, 4, 2, 2, 5, 3, 1, 0, 3, 0, 3, 2, 0, 5, 4, 3, 3, 0, 4, 3, 7, 3, 5, 4, 3, 3, 5, 1, 3, 6, 8, 3, 5, 3, 6], "silhouette_avg": 0.5705843861365882, "silhouette_values": [0.39403300656749596, 0.4722079318096183, 0.6519523352463827, 0.28311467226314074, 0.7816584351558322, 0.5262775464792283, 0.20331843724947948, 0.5601966995563923, 0.6112928349991903, 0.24934331351820688, 0.850254171046721, 0.4292096353842211, 0.329277630095974, 0.8552054489798289, 0.3733640098335133, 0.9085330528867344, 0.5384403683409118, 0.9127000335673766, 0.9080015752409998, 0.7888667858221063, 0.20030248923215233, 0.760013529383724, 0.8538506600650453, 0.8893146317272709, 0.5633966902536576, 0.6903692365243858, 0.008440910165067707, 0.7600723872614539, 0.45690948036378837, 0.8532723545505061, 0.1148082788723788, 0.5152421870989328, 0.379857338621824, 0.44299982461214904, 0.4637472769081188, 0.5977206569409336, 0.7886271591975947, 0.5058707630617144, 0.5863610581535181, 0.7550851796067098, 0.31374269359942913, 0.5487302272044438, 0.5370293482925179, 0.6336092161874667, 0.33396590284290645, 0.10479827340079262, 0.523860460687922, 0.7850520389952913, 0.4327704812719877, 0.10817933593090767, 0.9104698033804499, 0.7031386073349828, 0.4168962621656504, 0.42181526783141765, 0.6707368763032256, 0.6739510099472444, 0.02827377089797923, 0.7846305128902203, 0.7753610615926841, 0.9092948596427508, 0.5756171033542286, 0.6704689580643345, 0.17206812967701945, 0.24158675982603953, 0.8874535320544288, 0.17996871220180927, 0.35413479716252705, 0.726654418887758, 0.5976331886966298, 0.42584398933797396, 0.6930201826100956, 0.5784022543377472, 0.6982465557002889, 0.5329976652418703, 0.757282452369888, 0.6290615400964542, 0.893707728722115, 0.7634759630973266, 0.5180246334222317, 0.665295873178273, 0.10838151838262618, 0.6032833660079007, 0.27625456275150695, 0.23741991985509817, 0.742168654552712, 0.36957201738303747, 0.6882153745090641, 0.6084004339557272, 0.7216102911350812, 0.7265991375413172, 0.101961982491722, 0.5207859979790149, 0.5336470961950435, 0.41035835195615517, 0.40070681622754284, 0.5790053307519584, 0.5851873048343007, 0.4007623366516941, 0.2942210444650458, 0.6392959676304938, 0.4875394294627465, 0.4430656326800057, 0.7495427269234081, 0.5936994217369727, 0.7764292484134525, 0.9141101136335685, 0.12775011905058456, 0.7853077032614333, 0.6740337783984439, 0.3706804447516145, 0.5331402120975431, 0.8526374733252577, 0.6369011881178995, 0.6980971364779672, 0.49514696584698586, 0.5016501745532744, 0.9078790552172369, 0.9090160597831528, 0.39950062866827263, 0.7333827976892527, 0.5816716626029741, 0.7392010643305951, 0.5721189019887214, 0.004021219798294332, 0.5837352127836312, 0.4478330074056951, 0.3250390291186019, 0.4065786219919699, 0.7580736698085689, 0.6920928712230093, 0.670090332604492, 0.5765341491745531, 0.5275132628214347, 0.3481633757412697, 0.7602243269196061, 0.6303809364495737, 0.9079327987220753, 0.5486990051606279, 0.9135543912935334, 0.24190389491143863, 0.073269940382925, 0.32765756030666526, 0.3725624638246471, 0.6409756052989208, 0.7551914529274978, 0.8532710358484531, 0.5699898485763188, 0.6074983562534355, 0.6567910377949049, 0.6867753436329916, 0.5089393843517206, 0.728261311080981, 0.7686661757534554, 0.6385166937807085, 0.659057311667817, 0.6277465056371185, 0.7410393003142511, 0.7586307206326899, 0.8604642472089827, 0.660387803835579, 0.5789021688470033, 0.9127972630723822, 0.638651760747629, 0.3259744458737429, 0.6870769382456097, 0.5852151306318423, 0.7518380637624866, 0.651371486076778, 0.5849625848007197, 0.6139847784957722, 0.09678066150771643, 0.58399867016022, 0.5777917357052531, 0.5912362357345188, 0.7358227093902991, 0.5669993645006267, 0.6590294127022712, 0.6775141220405759, 0.6846025402335337, 0.18679563697513418, 0.5752746475011599, 0.10739904512587493, 0.6151335983664674, 0.7268342610221084, 0.4426941276448934, 0.6175348723282955, 0.670535338844988, 0.9073918531720073, 0.8524915793373928, 0.6979253876588936, 0.7883878211749834, 0.9125972442674584, 0.8046643191241827, 0.48083510259533885, 0.22966400897815548, 0.7743405252155603, 0.4843345960925672, 0.5292637683743945, 0.5817157639444297, 0.9136944712535738, 0.9152794102891267, 0.18240455230197875, 0.8435313564257858, 0.5788749617892753, 0.2103258820283869, 0.43767688956299655, 0.6891083239859493, 0.9108077196693822, 0.6259623042861002, 0.6752664013382882, 0.33739204464222056, 0.4270369445802858, 0.6198122661040887, 0.21640456730671578, 0.457251668028187, 0.6622259031472549, 0.8126503837027139, 0.6217648520226637, 0.3875424525877755, 0.4818441223600607, 0.6061615038809267, 0.763458490687371, 0.02022767412386697, 0.675235301117513, 0.3710497400847667, 0.7667682484174502, 0.12570343070297896, 0.666738835907236, 0.9138831217236, 0.6516529638677293, 0.8435409834177712, 0.610490966249106, 0.39814262805769013, 0.812723440594126, 0.5249561544822527, 0.10516692915231185, 0.6078043375203808, 0.7319366147524998, 0.9126165459125903, 0.6893924023433211, 0.19262236918262657, 0.8548373710691939, 0.4394190169207141, 0.6507659820467243, 0.5419987531085728, 0.3853270296591121, 0.4088482089690487, 0.7907488323806987, 0.7297083916451494, 0.52804879204879, 0.6004399547909565, 0.656200335202668, 0.6442672800390894, 0.6507399390850179, 0.10595398596855098, 0.7125920063947283, 0.5690268427795476, 0.4634371907547274, 0.6168758111570912, 0.1317661411948386, -0.054071849943283574, 0.22234417810574675, 0.7597005645239655, 0.785688930335842, 0.6454899876659201, 0.5040572059859905, 0.8454180714191637, 0.6079426488826782, 0.5080674631814369, 0.7315929168636729, 0.6489604026751891, 0.38142912787635574, 0.9080109673498957, 0.607148277119966, 0.49207118898944024, 0.7637897275546348, 0.669317409766843, 0.31636130036579846, 0.6237835275055041, 0.6190569542076582, 0.32425586570464116, 0.6470393075462321, 0.6941879177621533, 0.729941207845044, 0.7635862668119984, 0.6305920697244166, 0.47716049351474654, 0.7597583408846958, 0.9098179737565377, 0.9094787927031764, 0.614493539592482, 0.6470037245273377, 0.5651295927342512, 0.3972088061839686, 0.6395189772491662, 0.17858969361817778, 0.6909828783888265, 0.9113122328543085, 0.04654397778238037, 0.3583743662973155, 0.7594414369749738, 0.6236854428624736, 0.5693464884720328, 0.5768797545902434, 0.07142831597977464, 0.3869391472770085, 0.7815995773994057, 0.6396980770644465, 0.5521528347071395, 0.6866658462614743, 0.4246936684518078, 0.23612296537129077, 0.01707815770722084, 0.6228244754245589, 0.6775469040787284, 0.739249088517418, 0.2540108227436356, 0.6691499023369541, 0.3396475074655115, 0.5282648858221998, 0.6923699149523819]}